category,bin_lo,n,contracts,delta,sd_dev,t,pval,mid
Crypto,0.0,38232,8168393.0,-0.00896761874869233,0.12667030065461052,-13.842541802326359,1.7972877047053525e-43,0.025
Crypto,0.05,69611,10671396.0,-0.020615707287642476,0.21740574514072364,-25.018781777790107,1.5537123165053777e-137,0.07500000000000001
Crypto,0.1,78540,10250191.0,-0.021229564553093924,0.29799159566438793,-19.965607034929196,1.8204624324069422e-88,0.125
Crypto,0.15,80399,9734398.0,-0.02221943058993305,0.3541416818369001,-17.790215270777743,1.1504125041881769e-70,0.175
Crypto,0.2,81395,9548941.0,-0.019508446464770655,0.399707095269505,-13.924502656435642,5.05205869026195e-44,0.225
Crypto,0.25,79576,9301775.0,-0.0066773901678886536,0.4399090972554135,-4.281883653668952,1.855346298683203e-05,0.275
Crypto,0.3,76998,8576808.0,-0.00657315774435664,0.463249734818896,-3.9373008233955873,8.247572143183624e-05,0.325
Crypto,0.35,75582,8146721.0,0.0037412346855066774,0.4834754554714141,2.127402722836565,0.033389864209339114,0.375
Crypto,0.4,78155,8753806.0,0.0056595227432671815,0.49395393671094817,3.2031091806134966,0.0013600690064081147,0.42500000000000004
Crypto,0.45,79657,8678705.0,-0.0012154612902833333,0.498910222939311,-0.6875918212988177,0.4917118620390501,0.47500000000000003
Crypto,0.5,78028,8710153.0,-0.007178961398471662,0.49982147392749837,-4.012101808850493,6.0236594993646424e-05,0.525
Crypto,0.55,74846,8312414.0,0.0004821900969993289,0.49490716069317786,0.26655009820356756,0.7898163159474385,0.5750000000000001
Crypto,0.6,71012,8317159.0,0.016497070917591204,0.4809384140692898,9.14077979242798,6.358236174952594e-20,0.625
Crypto,0.65,66148,7827829.0,0.016694986998850574,0.46413588342518874,9.251226159030711,2.2830302667808462e-20,0.675
Crypto,0.7,60305,7640672.0,0.006606583202056443,0.44578099034196883,3.6394187229575246,0.00027348228593778535,0.725
Crypto,0.75,62339,8884221.0,0.011960089189752708,0.4134122546195182,7.223222417845435,5.134815867479272e-13,0.775
Crypto,0.8,60714,8498269.0,0.0029739434067921674,0.3818757236560058,1.9189120601080027,0.05500014707942361,0.8250000000000001
Crypto,0.85,64450,8870403.0,0.00612505818463938,0.32922537999981977,4.723113388157364,2.327495527794144e-06,0.875
Crypto,0.9,67266,9549189.0,-0.003982100912794143,0.27733917873551317,-3.723907097537305,0.0001963231512916248,0.925
Crypto,0.95,83193,13468752.0,-0.012722584832858362,0.19817535826634605,-18.516934748424237,2.1490737010357094e-76,0.975
Entertainment,0.0,7890,1772453.0,-0.01671863117870701,0.06481732803495265,-22.911213618365494,1.5896081685310777e-112,0.025
Entertainment,0.05,3348,436575.0,-0.02183990442054936,0.2099306771552607,-6.01959886204177,1.9376042677446683e-09,0.07500000000000001
Entertainment,0.1,2073,245405.0,0.03354558610709151,0.36204964032160597,4.218586076567889,2.564329440551753e-05,0.125
Entertainment,0.15,1702,148508.0,0.06759106933019966,0.42742473123647995,6.523932333666793,9.008618466970142e-11,0.175
Entertainment,0.2,1988,171500.0,0.11239436619718207,0.4677704147919747,10.713218985211356,4.477397567467922e-26,0.225
Entertainment,0.25,1480,141871.0,0.10979729729729694,0.4871472747901702,8.670861120414635,1.1077257957483789e-17,0.275
Entertainment,0.3,1763,206527.0,0.12389109472490233,0.49700048479856024,10.466691752792334,6.496762766249587e-25,0.325
Entertainment,0.35,2016,280231.0,0.1723313492063493,0.4952250623319187,15.62452908245949,4.934876087781423e-52,0.375
Entertainment,0.4,1744,196815.0,-0.006548165137614804,0.4920752476135135,-0.555726803485602,0.5784689526746446,0.42500000000000004
Entertainment,0.45,1298,90750.0,-0.0016872110939906548,0.49675834674019875,-0.12236623438726271,0.9026279352637276,0.47500000000000003
Entertainment,0.5,923,72146.0,0.007302275189598884,0.5003141991804174,0.44342095958387334,0.6575653079747347,0.525
Entertainment,0.55,1657,217377.0,-0.11643934821967494,0.5025762086528995,-9.431029302206012,1.3205127094188669e-20,0.5750000000000001
Entertainment,0.6,3357,569951.0,-0.38369079535300166,0.42900151940157566,-51.82009692911151,0.0,0.625
Entertainment,0.65,2938,387205.0,-0.4549353301565651,0.40748915094992344,-60.51450853613326,0.0,0.675
Entertainment,0.7,2484,306253.0,-0.45975845410628824,0.4429720838211934,-51.72841385100712,0.0,0.725
Entertainment,0.75,1679,201900.0,-0.0611554496724238,0.45197247378636846,-5.5443230321429375,3.421795871162675e-08,0.775
Entertainment,0.8,1193,211876.0,0.06781223805532255,0.3124301129118818,7.496791181418341,1.2719417953296806e-13,0.8250000000000001
Entertainment,0.85,1416,269202.0,0.061320621468927285,0.2581393471962788,8.938897696349853,1.1982040981160678e-18,0.875
Entertainment,0.9,1144,294089.0,0.05907342657342697,0.14315779347949453,13.956938965626886,5.377726866998198e-41,0.925
Entertainment,0.95,1063,158429.0,-0.06731890874882412,0.29803256133791894,-7.364444344719762,3.5622603751955696e-13,0.975
Finance,0.0,162756,127331581.0,-0.006002605126689681,0.14239705873582087,-17.006199122203945,8.406818754633793e-65,0.025
Finance,0.05,140372,57741553.0,-0.02520253326873733,0.19992772739339248,-47.229289388869645,0.0,0.07500000000000001
Finance,0.1,96036,26463015.0,-0.0432627348077784,0.26442573824958837,-50.702255025146165,0.0,0.125
Finance,0.15,81542,19798384.0,-0.05444850506488448,0.3185180320822362,-48.81379985098959,0.0,0.175
Finance,0.2,73536,12899878.0,-0.04777251958224901,0.3762508024334057,-34.4310854063048,9.84360537336949e-258,0.225
Finance,0.25,64921,9642157.0,-0.0344304616379884,0.42352035143845057,-20.713865967792024,5.2786295021841054e-95,0.275
Finance,0.3,62491,8474851.0,-0.017363620361332543,0.45891052104074054,-9.458472479712123,3.2286140198607257e-21,0.325
Finance,0.35,61932,8195318.0,-0.012566686042757116,0.4788090333826552,-6.531545886905393,6.559640234237043e-11,0.375
Finance,0.4,61495,8187643.0,-0.008571265956582141,0.4919303447984526,-4.320771115288503,1.5572850808737776e-05,0.42500000000000004
Finance,0.45,65448,8048643.0,-0.02025180295807429,0.49727158842705294,-10.418812837794354,2.130102560030418e-25,0.47500000000000003
Finance,0.5,67679,9804886.0,-0.019223392780625063,0.4998900139310879,-10.00420414056201,1.5167310663890027e-23,0.525
Finance,0.55,60755,8134387.0,-0.03592115875236679,0.49871512366485493,-17.753697339877558,2.4315347451715755e-70,0.5750000000000001
Finance,0.6,56603,7334947.0,-0.02843453527198402,0.4916182696910972,-13.760615044809336,5.1590852168470886e-43,0.625
Finance,0.65,49423,7315215.0,-0.007418206098372575,0.47252030574435844,-3.4901409842609925,0.00048318630703249527,0.675
Finance,0.7,46392,7206803.0,0.02607022762545015,0.43491067723612653,12.911190858189714,4.52760795937311e-38,0.725
Finance,0.75,49171,9945823.0,0.045713530332922865,0.38825794396408103,26.108320294732625,3.0684078392993216e-149,0.775
Finance,0.8,50104,11808017.0,0.06205193198148221,0.32436099965590554,42.82159867104086,0.0,0.8250000000000001
Finance,0.85,54610,16084719.0,0.05398718183482792,0.2631628953688836,47.94044819571894,0.0,0.875
Finance,0.9,53481,17074506.0,0.02923804715693321,0.2180360445532199,31.01128962546502,2.746295099251439e-209,0.925
Finance,0.95,61282,21305301.0,0.0030754544564471614,0.16279665462265783,4.676600687452073,2.92290266434787e-06,0.975
Other,0.0,185893,73606565.0,-0.010455853636229522,0.11390029796362068,-39.579121757154645,0.0,0.025
Other,0.05,170609,44700170.0,-0.019144945460086694,0.2154920045982855,-36.696440554313234,1.1748595100817895e-293,0.07500000000000001
Other,0.1,140639,30026468.0,0.01531196894175619,0.3408962822133934,16.844637120069294,1.3265372036156942e-63,0.125
Other,0.15,143819,29142900.0,0.010285567275527645,0.38415853686241275,10.153736594705844,3.2497422762189008e-24,0.175
Other,0.2,139750,26166520.0,0.013331019677997324,0.42327129499133437,11.773903198812208,5.509140223258633e-32,0.225
Other,0.25,148128,27073585.0,-0.030464328148628254,0.42600245959012434,-27.523146242798287,2.4423422508555633e-166,0.275
Other,0.3,137156,23423831.0,-0.03406223570241365,0.45163996700820924,-27.931109556448778,3.3866031714282395e-171,0.325
Other,0.35,122153,19383259.0,-0.0821214378688926,0.4544419185694219,-63.158270489641176,0.0,0.375
Other,0.4,104418,15862884.0,-0.01983910819973948,0.4884662436268364,-13.124273583368792,2.568546014691809e-39,0.42500000000000004
Other,0.45,133638,22912358.0,-0.02125720229274913,0.49974903253111363,-15.549596617414617,1.7875317319893133e-54,0.47500000000000003
Other,0.5,126257,25958213.0,0.03152862811566873,0.49550143295196675,22.60934037984875,5.888019433572784e-113,0.525
Other,0.55,116705,19463086.0,-0.013827171072352205,0.4946070770452249,-9.550315992747658,1.3167613516058615e-21,0.5750000000000001
Other,0.6,146460,24708720.0,0.07600027311212142,0.45998541904479645,63.23108041046338,0.0,0.625
Other,0.65,143122,25198164.0,0.02538282025124021,0.4592245936553358,20.910669312328018,5.984657551836259e-97,0.675
Other,0.7,145060,31463256.0,-0.05597470012409141,0.470251310989873,-45.33520638706196,0.0,0.725
Other,0.75,129036,26168641.0,0.06472186056604369,0.3725815754963142,62.40006823545762,0.0,0.775
Other,0.8,100012,25000077.0,0.04827830660321028,0.3382231142011029,45.141376778036786,0.0,0.8250000000000001
Other,0.85,81487,22169788.0,0.0008004957846014839,0.3346486398339296,0.6828324468142671,0.494714665429177,0.875
Other,0.9,90790,23270524.0,0.00872034365018101,0.25944623689488205,10.127569496272885,4.293677791905974e-24,0.925
Other,0.95,74441,26778100.0,-0.018385835762550876,0.21653582892264495,-23.166461772214767,2.6077900487867474e-118,0.975
Politics,0.0,37043,35784572.0,-0.02049483033231724,0.04843605302514915,-81.43829209818203,0.0,0.025
Politics,0.05,45344,27618093.0,-0.0461088567395922,0.16042328216854312,-61.20358629445585,0.0,0.07500000000000001
Politics,0.1,44932,20977256.0,-0.07987981839223958,0.19272544805753644,-87.85690094023339,0.0,0.125
Politics,0.15,38368,13815461.0,-0.0749658569641494,0.29408178649463756,-49.93211506949975,0.0,0.175
Politics,0.2,29093,7343020.0,-0.0981868490702343,0.3262084776044427,-51.33958258002949,0.0,0.225
Politics,0.25,20937,3718294.0,-0.07024836414003476,0.3992111961385797,-25.46189536157242,7.234135638587418e-141,0.275
Politics,0.3,18896,3252569.0,-0.09422099915325739,0.41739062235250757,-31.030584637598828,3.043249276933305e-206,0.325
Politics,0.35,18509,2980902.0,-0.09609163109838623,0.4448681922575219,-29.38635277802196,1.4696602723508553e-185,0.375
Politics,0.4,14481,2059405.0,-0.028308818451762998,0.4888509672287548,-6.9685840283296105,3.339737621953689e-12,0.42500000000000004
Politics,0.45,20332,2626817.0,-0.047872319496371184,0.49433069188740675,-13.808831974173543,3.5322887868601734e-43,0.47500000000000003
Politics,0.5,20279,2477973.0,-0.10650278613343205,0.49226266934870483,-30.809690412496675,9.495526906302432e-204,0.525
Politics,0.55,19840,2839574.0,-0.10243548387096396,0.49904360960893457,-28.912307781114574,4.479796585506305e-180,0.5750000000000001
Politics,0.6,17023,2250781.0,0.0052875521353443426,0.4812828834740081,1.4334161576646964,0.15175731038044504,0.625
Politics,0.65,17478,2373471.0,0.10243105618491581,0.421038722165663,32.16292065842917,1.4946896455220765e-220,0.675
Politics,0.7,18690,3542406.0,0.04618833600855174,0.42336504486103993,14.914955762528027,5.110884951627845e-50,0.725
Politics,0.75,14604,2829565.0,0.10364283757874686,0.32770378285392965,38.22027013197504,1.0346998275152725e-304,0.775
Politics,0.8,19817,5252456.0,0.08831558762678769,0.2876805022457638,43.21613160363144,0.0,0.8250000000000001
Politics,0.85,20993,9304802.0,0.09518601438574673,0.17872112201355336,77.16751465450015,0.0,0.875
Politics,0.9,34985,14532517.0,0.06836501357725165,0.10037126353484106,127.39883369604665,0.0,0.925
Politics,0.95,25015,18962256.0,0.02464921047371603,0.07429869788113683,52.47132899573362,0.0,0.975
Science/Tech,0.0,43,16026.0,-0.026511627906976757,0.008966530605331448,-19.388588276919517,1.428795002282366e-22,0.025
Science/Tech,0.05,231,28891.0,-0.05839826839826848,0.12946893801229697,-6.855519556485644,6.47050347819142e-11,0.07500000000000001
Science/Tech,0.1,227,22830.0,-0.08876651982378857,0.16262033836313097,-8.224078773514332,1.5451285624233433e-14,0.125
Science/Tech,0.15,199,15185.0,0.01281407035175878,0.3897047841519582,0.46385036732481993,0.6432644897119306,0.175
Science/Tech,0.2,167,13333.0,-0.09838323353293417,0.32502329363283966,-3.9116937030667294,0.00013341041533879535,0.225
Science/Tech,0.25,65,3652.0,-0.14076923076923073,0.32726760691895784,-3.4678587110281884,0.0009432263905415638,0.275
Science/Tech,0.3,125,8461.0,0.038079999999999996,0.4809343996577845,0.8852503443690164,0.3777350496184588,0.325
Science/Tech,0.35,108,8414.0,0.10074074074074067,0.5001676423702482,2.093155173271952,0.038699196728807866,0.375
Science/Tech,0.4,137,10120.0,0.06978102189781013,0.4982889357197416,1.6391411934472606,0.10349513076978457,0.42500000000000004
Science/Tech,0.45,57,5203.0,0.0752631578947367,0.5001325012404139,1.1361476804079107,0.26073361427189873,0.47500000000000003
Science/Tech,0.5,156,10173.0,0.3478846153846153,0.3310296928800167,13.12594473232325,6.1140818158937506e-27,0.525
Science/Tech,0.55,75,6947.0,0.17706666666666668,0.44295925422198923,3.4618134746072178,0.0008948534733572264,0.5750000000000001
Science/Tech,0.6,163,16388.0,-0.18693251533742355,0.49714410471191056,-4.8006092569403265,3.5725541559637652e-06,0.625
Science/Tech,0.65,154,16932.0,-0.14110389610389565,0.5091111846005495,-3.4394320018740676,0.0007513552251025255,0.675
Science/Tech,0.7,223,9828.0,-0.3850672645739908,0.4693908933611854,-12.250515715164875,1.0660831089407968e-26,0.725
Science/Tech,0.75,216,17706.0,-0.418148148148149,0.47933606824662806,-12.820853689553877,2.5210923391067584e-28,0.775
Science/Tech,0.8,145,13401.0,-0.5308965517241376,0.4553111226302346,-14.040599320769564,9.333204303613299e-29,0.8250000000000001
Science/Tech,0.85,109,6831.0,0.0841284403669725,0.2067079305094703,4.249119525230579,4.5683726454640674e-05,0.875
Science/Tech,0.9,333,22464.0,0.07144144144144145,0.07803899450259616,16.70554544738673,6.712743835937052e-46,0.925
Science/Tech,0.95,149,23622.0,0.015100671140939628,0.14083063169591636,1.3088571704683292,0.19261141048845196,0.975
Sports,0.0,323214,183444797.0,-0.010027566875194542,0.10102865988375402,-56.428181786150354,0.0,0.025
Sports,0.05,317628,80311182.0,-0.03190005289205819,0.1912023546937928,-94.02807753043744,0.0,0.07500000000000001
Sports,0.1,259033,55244757.0,-0.03299417448742114,0.28062101916726256,-59.840417779123975,0.0,0.125
Sports,0.15,279472,57832081.0,-0.023007850518123714,0.3543536760474943,-34.3248190213931,1.1567809554738416e-257,0.175
Sports,0.2,283342,55180906.0,0.004510485561630181,0.41628220613497807,5.7675441409888935,8.051825351800628e-09,0.225
Sports,0.25,289649,53616025.0,0.0016466481845267165,0.44502107091687837,1.9913897246874892,0.046438995615671,0.275
Sports,0.3,290284,55661782.0,-0.016582519188111895,0.4585025648030729,-19.48589188244806,1.6384778399756195e-84,0.325
Sports,0.35,329239,61659307.0,0.0010187432230131098,0.483109923322624,1.2099694676070487,0.2262914777244971,0.375
Sports,0.4,388683,76127607.0,-0.029845581103368414,0.4885344677825739,-38.087511830190145,0.0,0.42500000000000004
Sports,0.45,490720,101721065.0,-0.035432486957929485,0.4954944689543878,-50.09330710745469,0.0,0.47500000000000003
Sports,0.5,436060,94003325.0,-0.022815851029688496,0.5000950090163438,-30.12709642841337,3.4343922436900423e-199,0.525
Sports,0.55,449977,102974444.0,0.008119237205464109,0.49412366132617136,11.02236369141765,3.006209177452514e-28,0.5750000000000001
Sports,0.6,309824,62376696.0,-0.02469356796116232,0.4909007191844164,-27.999334270694963,2.71933320373971e-172,0.625
Sports,0.65,260460,53147243.0,-0.01177904476696033,0.47490599578114795,-12.65822869567835,1.0329105203269692e-36,0.675
Sports,0.7,183147,35892202.0,0.0017513254380247373,0.4491685865861179,1.6686197704377888,0.09519446752062004,0.725
Sports,0.75,160823,31198299.0,-0.011066078856873976,0.4279468590122941,-10.369981870505399,3.4586133251156766e-25,0.775
Sports,0.8,150770,29256446.0,-0.012704118856529419,0.39421769025165854,-12.51312856237543,6.59396558992397e-36,0.8250000000000001
Sports,0.85,128562,26637954.0,-0.012190227283334354,0.3490722639068166,-12.52139656685788,5.984889321108248e-36,0.875
Sports,0.9,131840,27388268.0,-0.003520934466019101,0.27561403679677793,-4.6385282602564155,3.5123527090435497e-06,0.925
Sports,0.95,150274,37438245.0,-0.007983816229021768,0.19045733966994893,-16.250051488569234,2.508137553507733e-59,0.975
Weather,0.0,206702,68030726.0,-0.006700273824152883,0.1088389120235404,-27.988569307993536,4.7020049717177166e-172,0.025
Weather,0.05,160353,11071863.0,-0.006698720946910839,0.24188782112232676,-11.089613972368099,1.4430947753324923e-28,0.07500000000000001
Weather,0.1,150049,7633017.0,-0.007117541603076531,0.3153272998566101,-8.743493571863867,2.282793208380107e-18,0.125
Weather,0.15,151003,6853359.0,-0.007513956676358117,0.36858338828356946,-7.921833612986259,2.3561245307453123e-15,0.175
Weather,0.2,145996,6043962.0,-0.004785062604454847,0.4103924104824873,-4.45511359590906,8.39109650012143e-06,0.225
Weather,0.25,148386,5656319.0,-0.004968932379065534,0.4410836602524521,-4.339488888480873,1.4290873036228346e-05,0.275
Weather,0.3,161548,5827146.0,-0.005203097531383522,0.4641719963940514,-4.505404866424803,6.629285628149891e-06,0.325
Weather,0.35,168975,5671628.0,-0.003059091581594925,0.48178127552282807,-2.610079822702623,0.009052908137117061,0.375
Weather,0.4,152252,4995956.0,-0.00989392585975868,0.49167501810888864,-7.85185032542613,4.12592316097081e-15,0.42500000000000004
Weather,0.45,144371,4521263.0,-0.017677026549653852,0.49747407578773517,-13.501398090433465,1.626187664761344e-41,0.47500000000000003
Weather,0.5,126018,3802619.0,-0.009917154692184639,0.49976390733741866,-7.044310499250084,1.873311275457783e-12,0.525
Weather,0.55,108857,3205805.0,-0.02372001800527274,0.4977898687436997,-15.721614451084964,1.2386125902155375e-55,0.5750000000000001
Weather,0.6,87029,2869334.0,-0.04410345976628585,0.4942520087703808,-26.324262528531236,4.006620657929011e-152,0.625
Weather,0.65,70645,2580450.0,-0.057356076155425255,0.48717243575836255,-31.292296710645413,1.7256626839468616e-213,0.675
Weather,0.7,60749,2183200.0,-0.05722234110849604,0.4721824403348098,-29.86932141405498,1.2723791794163518e-194,0.725
Weather,0.75,51821,2140756.0,-0.06293761216495153,0.45572900843135106,-31.438113899453363,6.4657576069233e-215,0.775
Weather,0.8,44717,1951032.0,-0.06002124471677488,0.4270131380313493,-29.723509785139008,2.86057775956985e-192,0.8250000000000001
Weather,0.85,42433,2248687.0,-0.04843117385054024,0.3823017834640352,-26.095795479694335,6.12420973371648e-149,0.875
Weather,0.9,41903,2639357.0,-0.025253561797484805,0.3067923523195948,-16.85002964803061,1.6983273880774643e-63,0.925
Weather,0.95,71907,9978874.0,-0.021604850709944078,0.2113251339622268,-27.414839129306255,1.289894894768225e-164,0.975
