category,bin_lo,taker_side,vwar_pp,contracts,n,mid
Crypto,0.0,no,-0.39085090253661164,16138182.0,76537,0.025
Crypto,0.0,yes,0.6435002576394144,8168393.0,38232,0.025
Crypto,0.05,no,-0.16114196005882764,12566429.0,74909,0.07500000000000001
Crypto,0.05,yes,-2.173141452158651,10671396.0,69611,0.07500000000000001
Crypto,0.1,no,0.2677253337676363,10542439.0,72355,0.125
Crypto,0.1,yes,-1.2666362021936892,10250191.0,78540,0.125
Crypto,0.15,no,-0.4532687828837947,8866450.0,67797,0.175
Crypto,0.15,yes,-2.083757002744289,9734398.0,80399,0.175
Crypto,0.2,no,0.8781450447871644,9509642.0,67137,0.225
Crypto,0.2,yes,-0.9882005763780417,9548941.0,81395,0.225
Crypto,0.25,no,-3.366054973763765,8409939.0,63534,0.275
Crypto,0.25,yes,1.9769498832212111,9301775.0,79576,0.275
Crypto,0.3,no,-2.8235673453285743,8076039.0,64108,0.325
Crypto,0.3,yes,0.47587890506584923,8576808.0,76998,0.325
Crypto,0.35,no,-7.11457909326937,7849233.0,63865,0.375
Crypto,0.35,yes,1.759093996222523,8146721.0,75582,0.375
Crypto,0.4,no,-3.5823202168946313,7466483.0,67010,0.42500000000000004
Crypto,0.4,yes,1.1442490272231314,8753806.0,78155,0.42500000000000004
Crypto,0.45,no,-4.152893265760411,6875535.0,62906,0.47500000000000003
Crypto,0.45,yes,2.761423046410732,8678705.0,79657,0.47500000000000003
Crypto,0.5,no,-3.6286929850374037,7058213.0,69084,0.525
Crypto,0.5,yes,2.4549261074977715,8710153.0,78028,0.525
Crypto,0.55,no,-5.559022148896469,6478246.0,71546,0.5750000000000001
Crypto,0.55,yes,0.06244070615345243,8312414.0,74846,0.5750000000000001
Crypto,0.6,no,-4.961722519531654,6532849.0,74989,0.625
Crypto,0.6,yes,2.92535840663861,8317159.0,71012,0.625
Crypto,0.65,no,-2.6461138319779827,6198188.0,70655,0.675
Crypto,0.65,yes,3.2979804489852897,7827829.0,66148,0.675
Crypto,0.7,no,-1.95452901931895,6150868.0,68261,0.725
Crypto,0.7,yes,1.3300196631919432,7640672.0,60305,0.725
Crypto,0.75,no,-1.3305836009546343,6615068.0,67373,0.775
Crypto,0.75,yes,0.6300070653352695,8884221.0,62339,0.775
Crypto,0.8,no,-1.523669171920545,7312233.0,70057,0.8250000000000001
Crypto,0.8,yes,0.5616219020602898,8498269.0,60714,0.8250000000000001
Crypto,0.85,no,1.18929668922024,8051789.0,64221,0.875
Crypto,0.85,yes,0.86593788354373,8870403.0,64450,0.875
Crypto,0.9,no,-0.8824028601923634,7983519.0,60816,0.925
Crypto,0.9,yes,-0.5313449131648962,9549189.0,67266,0.925
Crypto,0.95,no,0.05273104671678013,6442182.0,43255,0.975
Crypto,0.95,yes,-1.4759512982345895,13468752.0,83193,0.975
Entertainment,0.0,no,1.3288994142364643,477155.0,1604,0.025
Entertainment,0.0,yes,-1.6888222141856604,1772453.0,7890,0.025
Entertainment,0.05,no,2.372000689249149,139282.0,678,0.07500000000000001
Entertainment,0.05,yes,-2.949878027830268,436575.0,3348,0.07500000000000001
Entertainment,0.1,no,4.022952274482231,173534.0,821,0.125
Entertainment,0.1,yes,9.925836881889095,245405.0,2073,0.125
Entertainment,0.15,no,0.42506860623367887,134463.0,767,0.175
Entertainment,0.15,yes,19.231038058555757,148508.0,1702,0.175
Entertainment,0.2,no,-25.495967741935527,74896.0,662,0.225
Entertainment,0.2,yes,25.64193002915451,171500.0,1988,0.225
Entertainment,0.25,no,-11.336881643091166,62565.0,591,0.275
Entertainment,0.25,yes,29.36697422306183,141871.0,1480,0.275
Entertainment,0.3,no,-35.202850394983344,61395.0,652,0.325
Entertainment,0.3,yes,33.81415020796324,206527.0,1763,0.325
Entertainment,0.35,no,-36.308509901075844,115442.0,728,0.375
Entertainment,0.35,yes,39.30980155657302,280231.0,2016,0.375
Entertainment,0.4,no,11.73501652217046,143141.0,464,0.42500000000000004
Entertainment,0.4,yes,19.041648248355006,196815.0,1744,0.42500000000000004
Entertainment,0.45,no,3.6175998164295518,52296.0,471,0.47500000000000003
Entertainment,0.45,yes,-7.366699724517903,90750.0,1298,0.47500000000000003
Entertainment,0.5,no,-12.261797481594712,49714.0,499,0.525
Entertainment,0.5,yes,-15.550827488703481,72146.0,923,0.525
Entertainment,0.55,no,23.95366640453224,62309.0,579,0.5750000000000001
Entertainment,0.55,yes,-30.42323704899783,217377.0,1657,0.5750000000000001
Entertainment,0.6,no,35.29283000425663,126862.0,1021,0.625
Entertainment,0.6,yes,-51.135195832624426,569951.0,3357,0.625
Entertainment,0.65,no,47.061857875077344,130913.0,730,0.675
Entertainment,0.65,yes,-53.19591947418043,387205.0,2938,0.675
Entertainment,0.7,no,34.1044876715406,53413.0,906,0.725
Entertainment,0.7,yes,-38.69385769282274,306253.0,2484,0.725
Entertainment,0.75,no,-9.332873442393183,45663.0,520,0.775
Entertainment,0.75,yes,0.7843833580980779,201900.0,1679,0.775
Entertainment,0.8,no,-5.583501663844941,85645.0,770,0.8250000000000001
Entertainment,0.8,yes,9.760756291415728,211876.0,1193,0.8250000000000001
Entertainment,0.85,no,-9.640604308495755,107230.0,698,0.875
Entertainment,0.85,yes,-2.6051626659534417,269202.0,1416,0.875
Entertainment,0.9,no,-8.186567635682044,142447.0,982,0.925
Entertainment,0.9,yes,6.563795313663554,294089.0,1144,0.925
Entertainment,0.95,no,-2.298374023083065,82658.0,494,0.975
Entertainment,0.95,yes,-3.501215055324465,158429.0,1063,0.975
Finance,0.0,no,0.5221529316962704,43279125.0,140374,0.025
Finance,0.0,yes,-1.4007652744059398,127331581.0,162756,0.025
Finance,0.05,no,3.019425015954422,25298615.0,107335,0.07500000000000001
Finance,0.05,yes,-4.387406171773725,57741553.0,140372,0.07500000000000001
Finance,0.1,no,5.410699490983287,17601585.0,80574,0.125
Finance,0.1,yes,-6.916019470948322,26463015.0,96036,0.125
Finance,0.15,no,6.130233945680758,13736864.0,72437,0.175
Finance,0.15,yes,-10.023867250983765,19798384.0,81542,0.175
Finance,0.2,no,3.744292335320728,11243171.0,66123,0.225
Finance,0.2,yes,-8.238679078980448,12899878.0,73536,0.225
Finance,0.25,no,3.8216492001094635,9181069.0,62081,0.275
Finance,0.25,yes,-6.888092882121732,9642157.0,64921,0.275
Finance,0.3,no,-0.0714292344500212,7756698.0,60411,0.325
Finance,0.3,yes,-3.046490020886499,8474851.0,62491,0.325
Finance,0.35,no,1.9537857240180854,7992487.0,61479,0.375
Finance,0.35,yes,-1.8464860057901336,8195318.0,61932,0.375
Finance,0.4,no,-0.5651196751139163,7794979.0,62120,0.42500000000000004
Finance,0.4,yes,-1.3441188141691,8187643.0,61495,0.42500000000000004
Finance,0.45,no,1.6912098006087437,8098599.0,61311,0.47500000000000003
Finance,0.45,yes,0.5848347354951319,8048643.0,65448,0.47500000000000003
Finance,0.5,no,4.383272090051394,8476576.0,61719,0.525
Finance,0.5,yes,-5.833443754470935,9804886.0,67679,0.525
Finance,0.55,no,2.493197053556206,6912740.0,52056,0.5750000000000001
Finance,0.55,yes,-4.395031733798616,8134387.0,60755,0.5750000000000001
Finance,0.6,no,1.2797763771600297,5947693.0,47171,0.625
Finance,0.6,yes,1.1735878936820763,7334947.0,56603,0.625
Finance,0.65,no,-2.424919845068953,5921345.0,40039,0.675
Finance,0.65,yes,2.08203613974439,7315215.0,49423,0.675
Finance,0.7,no,-5.323806527356057,6213695.0,37592,0.725
Finance,0.7,yes,6.804854246744273,7206803.0,46392,0.725
Finance,0.75,no,-7.2029782718889175,7423701.0,37198,0.775
Finance,0.75,yes,9.90370118189309,9945823.0,49171,0.775
Finance,0.8,no,-7.2300319716563015,7715584.0,37489,0.8250000000000001
Finance,0.8,yes,8.05390718864992,11808017.0,50104,0.8250000000000001
Finance,0.85,no,-6.222054807076472,10670082.0,41301,0.875
Finance,0.85,yes,7.8738766278727015,16084719.0,54610,0.875
Finance,0.9,no,-4.001729442691198,14267602.0,47556,0.925
Finance,0.9,yes,4.823998597675424,17074506.0,53481,0.925
Finance,0.95,no,-1.9893541706010116,23505449.0,53515,0.975
Finance,0.95,yes,1.1073010890575754,21305301.0,61282,0.975
Other,0.0,no,-1.2876023249194453,29194990.0,96841,0.025
Other,0.0,yes,-0.8557132098203435,73606565.0,185893,0.025
Other,0.05,no,-3.9545512358266826,17965505.0,80204,0.07500000000000001
Other,0.05,yes,-1.7927796918893006,44700170.0,170609,0.07500000000000001
Other,0.1,no,-4.735696334825975,14635567.0,70156,0.125
Other,0.1,yes,3.658633875952366,30026468.0,140639,0.125
Other,0.15,no,-4.892844321819279,13886217.0,64751,0.175
Other,0.15,yes,2.5324371630826246,29142900.0,143819,0.175
Other,0.2,no,-3.972696321049412,10966361.0,59201,0.225
Other,0.2,yes,0.7139843968553252,26166520.0,139750,0.225
Other,0.25,no,-6.184795591513432,11597268.0,62640,0.275
Other,0.25,yes,-0.2985108178323839,27073585.0,148128,0.275
Other,0.3,no,-4.439137710024372,10770298.0,53629,0.325
Other,0.3,yes,-0.0044068367808919855,23423831.0,137156,0.325
Other,0.35,no,3.0206101602108832,9876488.0,50729,0.375
Other,0.35,yes,-8.603376140204457,19383259.0,122153,0.375
Other,0.4,no,-5.30889166443602,9440381.0,49763,0.42500000000000004
Other,0.4,yes,0.2861941119911293,15862884.0,104418,0.42500000000000004
Other,0.45,no,2.3827690751774213,11161351.0,58842,0.47500000000000003
Other,0.45,yes,-6.119576169331314,22912358.0,133638,0.47500000000000003
Other,0.5,no,-7.97441828865473,10531469.0,55194,0.525
Other,0.5,yes,9.084761882491453,25958213.0,126257,0.525
Other,0.55,no,-3.996082608493158,9278368.0,56861,0.5750000000000001
Other,0.55,yes,0.5273620534790695,19463086.0,116705,0.5750000000000001
Other,0.6,no,-7.852157863827946,10255953.0,68286,0.625
Other,0.6,yes,11.364052893067802,24708720.0,146460,0.625
Other,0.65,no,-2.394083484329156,10994782.0,62553,0.675
Other,0.65,yes,2.2647447647375625,25198164.0,143122,0.675
Other,0.7,no,-1.420245125695825,10480419.0,57180,0.725
Other,0.7,yes,-11.767572084720316,31463256.0,145060,0.725
Other,0.75,no,-6.202638928343202,9553954.0,53578,0.775
Other,0.75,yes,6.3414595354798085,26168641.0,129036,0.775
Other,0.8,no,-5.804057415345774,10875002.0,50830,0.8250000000000001
Other,0.8,yes,3.141491364206741,25000077.0,100012,0.8250000000000001
Other,0.85,no,1.7037996680344332,10716173.0,51702,0.875
Other,0.85,yes,-3.3233121579691978,22169788.0,81487,0.875
Other,0.9,no,0.8805497568752478,15641969.0,65546,0.925
Other,0.9,yes,-0.7670273346659682,23270524.0,90790,0.925
Other,0.95,no,1.7963742608763575,35406629.0,87487,0.975
Other,0.95,yes,-1.636814747872304,26778100.0,74441,0.975
Politics,0.0,no,1.496149546177273,23478661.0,30905,0.025
Politics,0.0,yes,-1.8482185842546832,35784572.0,37043,0.025
Politics,0.05,no,5.488648092783474,10486696.0,25713,0.07500000000000001
Politics,0.05,yes,-6.368177085941383,27618093.0,45344,0.07500000000000001
Politics,0.1,no,8.555406040829224,7522113.0,23555,0.125
Politics,0.1,yes,-10.165275858768174,20977256.0,44932,0.125
Politics,0.15,no,9.871799562949183,5290918.0,22221,0.175
Politics,0.15,yes,-11.515792994529873,13815461.0,38368,0.175
Politics,0.2,no,7.984476115629258,3397410.0,18393,0.225
Politics,0.2,yes,-10.798531530623649,7343020.0,29093,0.225
Politics,0.25,no,-1.5175179600031157,2497494.0,14326,0.275
Politics,0.25,yes,-6.298475322284856,3718294.0,20937,0.275
Politics,0.3,no,-6.381805282974732,2256721.0,13961,0.325
Politics,0.3,yes,-3.290600752820306,3252569.0,18896,0.325
Politics,0.35,no,-1.9398762298821097,1812877.0,11849,0.375
Politics,0.35,yes,-4.6613501550872884,2980902.0,18509,0.375
Politics,0.4,no,1.8250164361463823,1689873.0,10199,0.42500000000000004
Politics,0.4,yes,-2.6528953751204942,2059405.0,14481,0.42500000000000004
Politics,0.45,no,5.531106254489673,1642660.0,12020,0.47500000000000003
Politics,0.45,yes,-12.320708294487206,2626817.0,20332,0.47500000000000003
Politics,0.5,no,2.876575289320393,2105883.0,14001,0.525
Politics,0.5,yes,-14.241563568287354,2477973.0,20279,0.525
Politics,0.55,no,4.878883638674763,1809450.0,12461,0.5750000000000001
Politics,0.55,yes,-15.627442355789977,2839574.0,19840,0.5750000000000001
Politics,0.6,no,-7.878471266821123,1944355.0,14024,0.625
Politics,0.6,yes,-13.010253774134414,2250781.0,17023,0.625
Politics,0.65,no,-3.534715052441369,2069837.0,13604,0.675
Politics,0.65,yes,-8.03344763850076,2373471.0,17478,0.675
Politics,0.7,no,-15.01635724427866,3488974.0,14094,0.725
Politics,0.7,yes,5.435285227046185,3542406.0,18690,0.725
Politics,0.75,no,-15.324776812673925,2856457.0,14542,0.775
Politics,0.75,yes,10.100004771051415,2829565.0,14604,0.775
Politics,0.8,no,-13.659218560998928,6240871.0,16287,0.8250000000000001
Politics,0.8,yes,10.53234924766633,5252456.0,19817,0.8250000000000001
Politics,0.85,no,-11.94702385159529,7413676.0,19548,0.875
Politics,0.85,yes,11.281795249377646,9304802.0,20993,0.875
Politics,0.9,no,-7.686617010464062,12007362.0,33302,0.925
Politics,0.9,yes,7.36365861467787,14532517.0,34985,0.925
Politics,0.95,no,-2.1190346321264046,22542826.0,42729,0.975
Politics,0.95,yes,1.658755529932728,18962256.0,25015,0.975
Science/Tech,0.0,no,1.7430109280704615,30655.0,150,0.025
Science/Tech,0.0,yes,-1.6473854985648324,16026.0,43,0.025
Science/Tech,0.05,no,4.415472506546061,21005.0,187,0.07500000000000001
Science/Tech,0.05,yes,-5.757502336367729,28891.0,231,0.07500000000000001
Science/Tech,0.1,no,0.8986346710798541,14502.0,175,0.125
Science/Tech,0.1,yes,-8.66377573368374,22830.0,227,0.125
Science/Tech,0.15,no,4.387004405286348,9080.0,120,0.175
Science/Tech,0.15,yes,-0.9873559433651604,15185.0,199,0.175
Science/Tech,0.2,no,14.822532825074116,9444.0,70,0.225
Science/Tech,0.2,yes,2.9495987399684904,13333.0,167,0.225
Science/Tech,0.25,no,18.55508607198748,6390.0,80,0.275
Science/Tech,0.25,yes,-17.757940854326396,3652.0,65,0.275
Science/Tech,0.3,no,11.032243684992572,6730.0,66,0.325
Science/Tech,0.3,yes,3.1414726391679437,8461.0,125,0.325
Science/Tech,0.35,no,24.24081354907001,13226.0,128,0.375
Science/Tech,0.35,yes,5.246731637746608,8414.0,108,0.375
Science/Tech,0.4,no,-1.7638508531704191,4747.0,60,0.42500000000000004
Science/Tech,0.4,yes,-14.481916996047431,10120.0,137,0.42500000000000004
Science/Tech,0.45,no,-38.55396337996133,8793.0,78,0.47500000000000003
Science/Tech,0.45,yes,9.026907553334617,5203.0,57,0.47500000000000003
Science/Tech,0.5,no,-19.06025758969641,6522.0,63,0.525
Science/Tech,0.5,yes,21.225597168976705,10173.0,156,0.525
Science/Tech,0.55,no,-4.298592392932017,10017.0,102,0.5750000000000001
Science/Tech,0.55,yes,30.387793292068515,6947.0,75,0.5750000000000001
Science/Tech,0.6,no,-8.648139335680959,10507.0,128,0.625
Science/Tech,0.6,yes,3.9849890163534343,16388.0,163,0.625
Science/Tech,0.65,no,14.246579207222466,14178.0,171,0.675
Science/Tech,0.65,yes,13.486770611859203,16932.0,154,0.675
Science/Tech,0.7,no,52.48142471352456,13701.0,200,0.725
Science/Tech,0.7,yes,-39.186202686202684,9828.0,223,0.725
Science/Tech,0.75,no,49.190513219284604,10288.0,126,0.775
Science/Tech,0.75,yes,-35.32678188184795,17706.0,216,0.775
Science/Tech,0.8,no,29.90555927662424,13437.0,124,0.8250000000000001
Science/Tech,0.8,yes,-59.64025072755768,13401.0,145,0.8250000000000001
Science/Tech,0.85,no,-12.945164614633619,18437.0,241,0.875
Science/Tech,0.85,yes,1.9966329966329979,6831.0,109,0.875
Science/Tech,0.9,no,-8.146178010471209,14325.0,240,0.925
Science/Tech,0.9,yes,7.345085470085458,22464.0,333,0.925
Science/Tech,0.95,no,-1.955899532710282,13696.0,59,0.975
Science/Tech,0.95,yes,2.6270002540005097,23622.0,149,0.975
Sports,0.0,no,0.10694679060514996,31045401.0,136566,0.025
Sports,0.0,yes,-0.7034148752662408,183444797.0,323214,0.025
Sports,0.05,no,1.5519102546881995,24917803.0,116560,0.07500000000000001
Sports,0.05,yes,-4.153851265692919,80311182.0,317628,0.07500000000000001
Sports,0.1,no,2.1624424399118896,20822588.0,91308,0.125
Sports,0.1,yes,-3.7368602960820034,55244757.0,259033,0.125
Sports,0.15,no,0.23196057795688338,21767923.0,88747,0.175
Sports,0.15,yes,-3.2060332049957148,57832081.0,279472,0.175
Sports,0.2,no,-2.9094587226624937,19041514.0,82270,0.225
Sports,0.2,yes,1.7209152202032427,55180906.0,283342,0.225
Sports,0.25,no,4.282719511230939,17821423.0,76615,0.275
Sports,0.25,yes,-1.0034309331959792,53616025.0,289649,0.275
Sports,0.3,no,2.8774534696285357,17439792.0,73703,0.325
Sports,0.3,yes,-2.710351026850264,55661782.0,290284,0.325
Sports,0.35,no,0.464874657499725,15457287.0,74834,0.375
Sports,0.35,yes,-0.028601781074234653,61659307.0,329239,0.375
Sports,0.4,no,-0.020358272841816523,21489544.0,89320,0.42500000000000004
Sports,0.4,yes,-4.485519018087522,76127607.0,388683,0.42500000000000004
Sports,0.45,no,3.085884022416766,19892827.0,93792,0.47500000000000003
Sports,0.45,yes,-3.0821973501748774,101721065.0,490720,0.47500000000000003
Sports,0.5,no,-2.2747901702245885,22378497.0,95539,0.525
Sports,0.5,yes,-3.0789794403550883,94003325.0,436060,0.525
Sports,0.55,no,-5.582273470542337,17404061.0,74763,0.5750000000000001
Sports,0.55,yes,4.124947059680088,102974444.0,449977,0.5750000000000001
Sports,0.6,no,-5.411631930819006,14563773.0,66452,0.625
Sports,0.6,yes,-3.1689106777954015,62376696.0,309824,0.625
Sports,0.65,no,-0.1704278427011676,12951933.0,59869,0.675
Sports,0.65,yes,-0.4438269168544031,53147243.0,260460,0.675
Sports,0.7,no,1.676669274382244,10998132.0,52258,0.725
Sports,0.7,yes,2.5263564213754175,35892202.0,183147,0.725
Sports,0.75,no,0.2411954102388138,11650628.0,54942,0.775
Sports,0.75,yes,0.3766890624388624,31198299.0,160823,0.775
Sports,0.8,no,-2.302432489580558,12206301.0,56414,0.8250000000000001
Sports,0.8,yes,-1.118514087459555,29256446.0,150770,0.8250000000000001
Sports,0.85,no,1.1664382325846525,11317634.0,56984,0.875
Sports,0.85,yes,-1.3550742298000975,26637954.0,128562,0.875
Sports,0.9,no,-2.6215172506640694,14677377.0,71826,0.925
Sports,0.9,yes,1.538849371563048,27388268.0,131840,0.925
Sports,0.95,no,-0.8373184062826703,39420692.0,147876,0.975
Sports,0.95,yes,-0.3452777767761229,37438245.0,150274,0.975
Weather,0.0,no,-0.7805379109556695,25623200.0,293080,0.025
Weather,0.0,yes,-0.6954261079030629,68030726.0,206702,0.025
Weather,0.05,no,-2.540960999764101,10556090.0,208830,0.07500000000000001
Weather,0.05,yes,-0.5217113867828731,11071863.0,160353,0.07500000000000001
Weather,0.1,no,-2.386083045417115,7806090.0,177275,0.125
Weather,0.1,yes,0.17708856144300886,7633017.0,150049,0.125
Weather,0.15,no,-2.633225811018207,6569489.0,160060,0.175
Weather,0.15,yes,-0.13373529680846732,6853359.0,151003,0.175
Weather,0.2,no,-1.5937433345694842,5560406.0,146995,0.225
Weather,0.2,yes,0.6888926502185451,6043962.0,145996,0.225
Weather,0.25,no,-2.2374098645505267,4787101.0,134485,0.275
Weather,0.25,yes,0.24720387941340807,5656319.0,148386,0.275
Weather,0.3,no,-1.4578326573035671,4215051.0,123799,0.325
Weather,0.3,yes,0.3147813698163644,5827146.0,161548,0.325
Weather,0.35,no,1.2932733726681,3435808.0,110475,0.375
Weather,0.35,yes,-0.02880619109717535,5671628.0,168975,0.375
Weather,0.4,no,1.3587078699509394,2760589.0,92050,0.42500000000000004
Weather,0.4,yes,-0.14183651737524275,4995956.0,152252,0.42500000000000004
Weather,0.45,no,-0.459068560258847,2184983.0,73244,0.47500000000000003
Weather,0.45,yes,-1.2519534917565371,4521263.0,144371,0.47500000000000003
Weather,0.5,no,1.6221173909590967,2216048.0,68956,0.525
Weather,0.5,yes,-0.8975153703277603,3802619.0,126018,0.525
Weather,0.55,no,1.1217525813063225,1551540.0,51264,0.5750000000000001
Weather,0.55,yes,-2.512551137701734,3205805.0,108857,0.5750000000000001
Weather,0.6,no,1.733431868159304,1442468.0,42702,0.625
Weather,0.6,yes,-5.286105765309994,2869334.0,87029,0.625
Weather,0.65,no,4.734529849520706,1156970.0,34135,0.675
Weather,0.65,yes,-8.294567614175811,2580450.0,70645,0.675
Weather,0.7,no,3.5791721173529982,1136707.0,30567,0.725
Weather,0.7,yes,-6.923821454745303,2183200.0,60749,0.725
Weather,0.75,no,3.9764119435908682,1064437.0,26558,0.775
Weather,0.75,yes,-9.126005485912495,2140756.0,51821,0.775
Weather,0.8,no,0.4706870472828393,1195973.0,25544,0.8250000000000001
Weather,0.8,yes,-8.548940765707586,1951032.0,44717,0.8250000000000001
Weather,0.85,no,0.22459638168535329,1338579.0,23205,0.875
Weather,0.85,yes,-7.945382349789,2248687.0,42433,0.875
Weather,0.9,no,-2.0166781899045194,2136263.0,25470,0.925
Weather,0.9,yes,-4.252466415115493,2639357.0,41903,0.925
Weather,0.95,no,1.3886597262866132,16488050.0,72911,0.975
Weather,0.95,yes,-1.8086178861462603,9978874.0,71907,0.975
